plot,year,LAI,carbon dioxide,temp,blowers_only,tempelevated
plot 10,2015,4.286340024,elevated,9,,y
plot 10,2015,3.999313097,elevated,9,,y
plot 10,2015,3.934710208,elevated,9,,y
plot 10,2015,4.083159325,elevated,9,,y
plot 10,2015,4.097650554,elevated,9,,y
plot 10,2015,3.999720741,elevated,9,,y
plot 10,2015,4.675952895,elevated,9,,y
plot 10,2015,4.230437012,elevated,9,,y
plot 10,2015,4.380523607,elevated,9,,y
plot 10,2015,4.057533852,elevated,9,,y
plot 10,2016,4.789909906,elevated,9,,y
plot 10,2016,4.553938105,elevated,9,,y
plot 10,2016,4.373261673,elevated,9,,y
plot 10,2016,5.533281408,elevated,9,,y
plot 10,2016,4.882466964,elevated,9,,y
plot 10,2016,4.776483749,elevated,9,,y
plot 10,2016,4.374400181,elevated,9,,y
plot 10,2016,4.455120957,elevated,9,,y
plot 10,2016,4.785624287,elevated,9,,y
plot 10,2016,4.165877682,elevated,9,,y
plot 10,2017,4.93701505,elevated,9,,y
plot 10,2017,4.634435769,elevated,9,,y
plot 10,2017,4.492097096,elevated,9,,y
plot 10,2017,5.013918345,elevated,9,,y
plot 10,2017,4.535793981,elevated,9,,y
plot 10,2017,4.250579302,elevated,9,,y
plot 10,2017,5.310683447,elevated,9,,y
plot 10,2017,4.533865451,elevated,9,,y
plot 10,2017,4.732554869,elevated,9,,y
plot 10,2017,4.908610074,elevated,9,,y
plot 10,2018,4.699456628,elevated,9,,y
plot 10,2018,5.308989044,elevated,9,,y
plot 10,2018,4.981143463,elevated,9,,y
plot 10,2018,4.697269061,elevated,9,,y
plot 10,2018,5.139177326,elevated,9,,y
plot 10,2018,4.994138279,elevated,9,,y
plot 10,2018,5.20772039,elevated,9,,y
plot 10,2018,4.940666539,elevated,9,,y
plot 10,2018,4.929052508,elevated,9,,y
plot 10,2018,4.896903981,elevated,9,,y
plot 10,2019,4.784830602,elevated,9,,y
plot 10,2019,5.022196669,elevated,9,,y
plot 10,2019,4.869958571,elevated,9,,y
plot 10,2019,4.746642319,elevated,9,,y
plot 10,2019,5.280564742,elevated,9,,y
plot 10,2019,5.007229592,elevated,9,,y
plot 10,2019,4.955789573,elevated,9,,y
plot 10,2019,5.100737468,elevated,9,,y
plot 10,2019,4.892728094,elevated,9,,y
plot 10,2019,4.729652233,elevated,9,,y
plot 10,2020,5.589811122,elevated,9,,y
plot 10,2020,5.616968691,elevated,9,,y
plot 10,2020,5.43337195,elevated,9,,y
plot 10,2020,5.496084797,elevated,9,,y
plot 10,2020,5.29292608,elevated,9,,y
plot 10,2020,5.334238185,elevated,9,,y
plot 10,2020,5.385694702,elevated,9,,y
plot 10,2020,5.051342107,elevated,9,,y
plot 10,2020,5.349641427,elevated,9,,y
plot 10,2020,5.682096691,elevated,9,,y
plot 10,2021,5.637071312,elevated,9,,y
plot 10,2021,5.935040805,elevated,9,,y
plot 10,2021,5.370830727,elevated,9,,y
plot 10,2021,5.364157077,elevated,9,,y
plot 10,2021,5.587126279,elevated,9,,y
plot 10,2021,5.593882011,elevated,9,,y
plot 10,2021,6.115313965,elevated,9,,y
plot 10,2021,5.326575779,elevated,9,,y
plot 10,2021,5.51697352,elevated,9,,y
plot 10,2021,5.586629811,elevated,9,,y
plot 10,2022,5.420399849,elevated,9,,y
plot 10,2022,4.61351634,elevated,9,,y
plot 10,2022,5.370487876,elevated,9,,y
plot 10,2022,5.182891643,elevated,9,,y
plot 10,2022,4.870423407,elevated,9,,y
plot 10,2022,5.386251543,elevated,9,,y
plot 10,2022,4.993161955,elevated,9,,y
plot 10,2022,4.873162992,elevated,9,,y
plot 10,2022,5.022449473,elevated,9,,y
plot 10,2022,5.005597346,elevated,9,,y
plot 11,2015,5.786244766,elevated,2.25,,y
plot 11,2015,5.691986656,elevated,2.25,,y
plot 11,2015,6.448789429,elevated,2.25,,y
plot 11,2015,5.517622362,elevated,2.25,,y
plot 11,2015,5.918697033,elevated,2.25,,y
plot 11,2015,5.67895321,elevated,2.25,,y
plot 11,2015,5.845958138,elevated,2.25,,y
plot 11,2015,6.048051046,elevated,2.25,,y
plot 11,2015,5.885771759,elevated,2.25,,y
plot 11,2015,5.595929145,elevated,2.25,,y
plot 11,2016,4.69723775,elevated,2.25,,y
plot 11,2016,4.851656522,elevated,2.25,,y
plot 11,2016,4.923701944,elevated,2.25,,y
plot 11,2016,4.894698012,elevated,2.25,,y
plot 11,2016,4.500239585,elevated,2.25,,y
plot 11,2016,5.297186498,elevated,2.25,,y
plot 11,2016,4.690222621,elevated,2.25,,y
plot 11,2016,4.79084303,elevated,2.25,,y
plot 11,2016,4.946598423,elevated,2.25,,y
plot 11,2016,5.014745044,elevated,2.25,,y
plot 11,2017,5.419307916,elevated,2.25,,y
plot 11,2017,5.148634725,elevated,2.25,,y
plot 11,2017,4.980802589,elevated,2.25,,y
plot 11,2017,4.698175426,elevated,2.25,,y
plot 11,2017,5.197268635,elevated,2.25,,y
plot 11,2017,4.79774056,elevated,2.25,,y
plot 11,2017,5.19627579,elevated,2.25,,y
plot 11,2017,5.172634879,elevated,2.25,,y
plot 11,2017,5.101302976,elevated,2.25,,y
plot 11,2017,4.759045483,elevated,2.25,,y
plot 11,2018,5.194809126,elevated,2.25,,y
plot 11,2018,4.923907301,elevated,2.25,,y
plot 11,2018,5.177880357,elevated,2.25,,y
plot 11,2018,5.367586777,elevated,2.25,,y
plot 11,2018,5.000005959,elevated,2.25,,y
plot 11,2018,5.510009715,elevated,2.25,,y
plot 11,2018,4.729589818,elevated,2.25,,y
plot 11,2018,5.320496951,elevated,2.25,,y
plot 11,2018,5.142432544,elevated,2.25,,y
plot 11,2018,4.60039587,elevated,2.25,,y
plot 11,2019,5.631012474,elevated,2.25,,y
plot 11,2019,5.231350547,elevated,2.25,,y
plot 11,2019,5.403892981,elevated,2.25,,y
plot 11,2019,5.332079913,elevated,2.25,,y
plot 11,2019,5.315659418,elevated,2.25,,y
plot 11,2019,5.51686579,elevated,2.25,,y
plot 11,2019,5.823206039,elevated,2.25,,y
plot 11,2019,5.082966371,elevated,2.25,,y
plot 11,2019,6.218344066,elevated,2.25,,y
plot 11,2019,5.742411504,elevated,2.25,,y
plot 11,2020,5.345131177,elevated,2.25,,y
plot 11,2020,5.655571831,elevated,2.25,,y
plot 11,2020,5.623297621,elevated,2.25,,y
plot 11,2020,5.708762376,elevated,2.25,,y
plot 11,2020,5.614790106,elevated,2.25,,y
plot 11,2020,5.185978351,elevated,2.25,,y
plot 11,2020,5.447307106,elevated,2.25,,y
plot 11,2020,5.658713532,elevated,2.25,,y
plot 11,2020,5.834688673,elevated,2.25,,y
plot 11,2020,6.114619709,elevated,2.25,,y
plot 11,2021,5.900126467,elevated,2.25,,y
plot 11,2021,6.006941785,elevated,2.25,,y
plot 11,2021,5.667435717,elevated,2.25,,y
plot 11,2021,5.878229595,elevated,2.25,,y
plot 11,2021,5.500998205,elevated,2.25,,y
plot 11,2021,5.709282101,elevated,2.25,,y
plot 11,2021,5.808531696,elevated,2.25,,y
plot 11,2021,6.516974795,elevated,2.25,,y
plot 11,2021,5.570908292,elevated,2.25,,y
plot 11,2021,5.696045105,elevated,2.25,,y
plot 11,2022,5.586082253,elevated,2.25,,y
plot 11,2022,5.503678724,elevated,2.25,,y
plot 11,2022,5.253043719,elevated,2.25,,y
plot 11,2022,5.024705109,elevated,2.25,,y
plot 11,2022,5.620347776,elevated,2.25,,y
plot 11,2022,5.533804114,elevated,2.25,,y
plot 11,2022,5.155281102,elevated,2.25,,y
plot 11,2022,5.979853766,elevated,2.25,,y
plot 11,2022,5.277244803,elevated,2.25,,y
plot 11,2022,5.410490947,elevated,2.25,,y
plot 13,2015,4.68374873,ambient,4.5,,y
plot 13,2015,5.013012573,ambient,4.5,,y
plot 13,2015,5.124392123,ambient,4.5,,y
plot 13,2015,5.034728053,ambient,4.5,,y
plot 13,2015,4.820344863,ambient,4.5,,y
plot 13,2015,4.752296206,ambient,4.5,,y
plot 13,2015,4.904902413,ambient,4.5,,y
plot 13,2015,5.848994672,ambient,4.5,,y
plot 13,2015,4.648417436,ambient,4.5,,y
plot 13,2015,4.78720926,ambient,4.5,,y
plot 13,2016,4.674535062,ambient,4.5,,y
plot 13,2016,4.679514374,ambient,4.5,,y
plot 13,2016,5.008429007,ambient,4.5,,y
plot 13,2016,4.791488604,ambient,4.5,,y
plot 13,2016,5.065321686,ambient,4.5,,y
plot 13,2016,5.160012579,ambient,4.5,,y
plot 13,2016,5.268461077,ambient,4.5,,y
plot 13,2016,5.376086533,ambient,4.5,,y
plot 13,2016,5.01514391,ambient,4.5,,y
plot 13,2016,5.140265736,ambient,4.5,,y
plot 13,2017,5.186878022,ambient,4.5,,y
plot 13,2017,5.32047173,ambient,4.5,,y
plot 13,2017,5.215053665,ambient,4.5,,y
plot 13,2017,5.102540656,ambient,4.5,,y
plot 13,2017,5.206423569,ambient,4.5,,y
plot 13,2017,5.386694112,ambient,4.5,,y
plot 13,2017,5.036743303,ambient,4.5,,y
plot 13,2017,5.013588053,ambient,4.5,,y
plot 13,2017,5.091476565,ambient,4.5,,y
plot 13,2017,5.161489749,ambient,4.5,,y
plot 13,2018,5.85943519,ambient,4.5,,y
plot 13,2018,5.740072634,ambient,4.5,,y
plot 13,2018,5.301008695,ambient,4.5,,y
plot 13,2018,5.405989449,ambient,4.5,,y
plot 13,2018,6.201544388,ambient,4.5,,y
plot 13,2018,5.720501012,ambient,4.5,,y
plot 13,2018,5.712417006,ambient,4.5,,y
plot 13,2018,5.566538649,ambient,4.5,,y
plot 13,2018,6.076352879,ambient,4.5,,y
plot 13,2018,5.368435257,ambient,4.5,,y
plot 13,2019,5.986091815,ambient,4.5,,y
plot 13,2019,5.952352012,ambient,4.5,,y
plot 13,2019,5.427316443,ambient,4.5,,y
plot 13,2019,5.385472027,ambient,4.5,,y
plot 13,2019,5.111448066,ambient,4.5,,y
plot 13,2019,5.484125119,ambient,4.5,,y
plot 13,2019,5.364954848,ambient,4.5,,y
plot 13,2019,5.303419563,ambient,4.5,,y
plot 13,2019,5.31544129,ambient,4.5,,y
plot 13,2019,5.133150697,ambient,4.5,,y
plot 13,2020,5.797347639,ambient,4.5,,y
plot 13,2020,6.396021287,ambient,4.5,,y
plot 13,2020,5.855458115,ambient,4.5,,y
plot 13,2020,5.901871108,ambient,4.5,,y
plot 13,2020,5.684128877,ambient,4.5,,y
plot 13,2020,5.578713333,ambient,4.5,,y
plot 13,2020,5.877177064,ambient,4.5,,y
plot 13,2020,5.600420472,ambient,4.5,,y
plot 13,2020,5.910640129,ambient,4.5,,y
plot 13,2020,5.666886174,ambient,4.5,,y
plot 13,2021,5.819604049,ambient,4.5,,y
plot 13,2021,5.314187011,ambient,4.5,,y
plot 13,2021,5.819218396,ambient,4.5,,y
plot 13,2021,5.716538893,ambient,4.5,,y
plot 13,2021,5.65496329,ambient,4.5,,y
plot 13,2021,5.757984665,ambient,4.5,,y
plot 13,2021,5.513644742,ambient,4.5,,y
plot 13,2021,5.466360647,ambient,4.5,,y
plot 13,2021,5.737464436,ambient,4.5,,y
plot 13,2021,5.813922107,ambient,4.5,,y
plot 13,2022,5.621183254,ambient,4.5,,y
plot 13,2022,5.540365647,ambient,4.5,,y
plot 13,2022,5.571562612,ambient,4.5,,y
plot 13,2022,5.54667585,ambient,4.5,,y
plot 13,2022,5.427546845,ambient,4.5,,y
plot 13,2022,5.937912072,ambient,4.5,,y
plot 13,2022,5.358791075,ambient,4.5,,y
plot 13,2022,5.993067991,ambient,4.5,,y
plot 13,2022,5.631015235,ambient,4.5,,y
plot 13,2022,5.722279655,ambient,4.5,,y
plot 16,2015,5.584814766,elevated,6.75,,y
plot 16,2015,5.894819111,elevated,6.75,,y
plot 16,2015,6.179331148,elevated,6.75,,y
plot 16,2015,5.96478746,elevated,6.75,,y
plot 16,2015,5.720280474,elevated,6.75,,y
plot 16,2015,6.374313579,elevated,6.75,,y
plot 16,2015,6.502268985,elevated,6.75,,y
plot 16,2015,6.355891246,elevated,6.75,,y
plot 16,2015,6.004307606,elevated,6.75,,y
plot 16,2015,6.323844529,elevated,6.75,,y
plot 16,2016,5.790624489,elevated,6.75,,y
plot 16,2016,5.659153511,elevated,6.75,,y
plot 16,2016,5.828091544,elevated,6.75,,y
plot 16,2016,5.629227242,elevated,6.75,,y
plot 16,2016,5.311128234,elevated,6.75,,y
plot 16,2016,5.724104598,elevated,6.75,,y
plot 16,2016,5.821852126,elevated,6.75,,y
plot 16,2016,5.135673592,elevated,6.75,,y
plot 16,2016,5.306235833,elevated,6.75,,y
plot 16,2016,5.193994565,elevated,6.75,,y
plot 16,2017,5.508042171,elevated,6.75,,y
plot 16,2017,5.772854928,elevated,6.75,,y
plot 16,2017,5.192976617,elevated,6.75,,y
plot 16,2017,5.259339671,elevated,6.75,,y
plot 16,2017,6.168623759,elevated,6.75,,y
plot 16,2017,6.02720291,elevated,6.75,,y
plot 16,2017,5.579240266,elevated,6.75,,y
plot 16,2017,5.564985327,elevated,6.75,,y
plot 16,2017,5.745287387,elevated,6.75,,y
plot 16,2017,5.912234985,elevated,6.75,,y
plot 16,2018,5.467000955,elevated,6.75,,y
plot 16,2018,5.751034743,elevated,6.75,,y
plot 16,2018,5.331175593,elevated,6.75,,y
plot 16,2018,5.268318689,elevated,6.75,,y
plot 16,2018,5.500489342,elevated,6.75,,y
plot 16,2018,5.587606231,elevated,6.75,,y
plot 16,2018,5.677619749,elevated,6.75,,y
plot 16,2018,5.825434368,elevated,6.75,,y
plot 16,2018,5.816538552,elevated,6.75,,y
plot 16,2018,6.715996507,elevated,6.75,,y
plot 16,2019,5.521738014,elevated,6.75,,y
plot 16,2019,5.477838861,elevated,6.75,,y
plot 16,2019,5.743124559,elevated,6.75,,y
plot 16,2019,5.505488641,elevated,6.75,,y
plot 16,2019,5.622260464,elevated,6.75,,y
plot 16,2019,5.574845742,elevated,6.75,,y
plot 16,2019,5.567397147,elevated,6.75,,y
plot 16,2019,5.86300842,elevated,6.75,,y
plot 16,2019,5.578085621,elevated,6.75,,y
plot 16,2019,5.260760081,elevated,6.75,,y
plot 16,2020,5.714717778,elevated,6.75,,y
plot 16,2020,5.537730073,elevated,6.75,,y
plot 16,2020,5.325716685,elevated,6.75,,y
plot 16,2020,5.343069683,elevated,6.75,,y
plot 16,2020,5.666703349,elevated,6.75,,y
plot 16,2020,5.574697872,elevated,6.75,,y
plot 16,2020,5.412720594,elevated,6.75,,y
plot 16,2020,5.416288841,elevated,6.75,,y
plot 16,2020,5.638058119,elevated,6.75,,y
plot 16,2020,5.618323857,elevated,6.75,,y
plot 16,2021,6.536264162,elevated,6.75,,y
plot 16,2021,6.08686631,elevated,6.75,,y
plot 16,2021,5.994912767,elevated,6.75,,y
plot 16,2021,6.25879651,elevated,6.75,,y
plot 16,2021,6.084972114,elevated,6.75,,y
plot 16,2021,6.134613094,elevated,6.75,,y
plot 16,2021,6.191531231,elevated,6.75,,y
plot 16,2021,6.0742176,elevated,6.75,,y
plot 16,2021,6.269422589,elevated,6.75,,y
plot 16,2021,6.483123044,elevated,6.75,,y
plot 16,2022,5.023521548,elevated,6.75,,y
plot 16,2022,6.446912413,elevated,6.75,,y
plot 16,2022,5.566939694,elevated,6.75,,y
plot 16,2022,6.027333168,elevated,6.75,,y
plot 16,2022,5.377603489,elevated,6.75,,y
plot 16,2022,5.553895207,elevated,6.75,,y
plot 16,2022,5.252660857,elevated,6.75,,y
plot 16,2022,5.867584844,elevated,6.75,,y
plot 16,2022,5.754338139,elevated,6.75,,y
plot 16,2022,5.789860043,elevated,6.75,,y
plot 17,2015,4.835487855,ambient,9,,y
plot 17,2015,5.092491822,ambient,9,,y
plot 17,2015,4.850128838,ambient,9,,y
plot 17,2015,4.600935543,ambient,9,,y
plot 17,2015,4.312851482,ambient,9,,y
plot 17,2015,4.474984304,ambient,9,,y
plot 17,2015,4.512327622,ambient,9,,y
plot 17,2015,4.471858902,ambient,9,,y
plot 17,2015,4.34792211,ambient,9,,y
plot 17,2015,4.597611567,ambient,9,,y
plot 17,2016,5.811972024,ambient,9,,y
plot 17,2016,5.198328894,ambient,9,,y
plot 17,2016,5.080018211,ambient,9,,y
plot 17,2016,4.937790633,ambient,9,,y
plot 17,2016,5.397659285,ambient,9,,y
plot 17,2016,4.842478142,ambient,9,,y
plot 17,2016,5.066497667,ambient,9,,y
plot 17,2016,5.205335455,ambient,9,,y
plot 17,2016,5.115982816,ambient,9,,y
plot 17,2016,4.882405143,ambient,9,,y
plot 17,2017,5.28702842,ambient,9,,y
plot 17,2017,4.987099411,ambient,9,,y
plot 17,2017,5.132169896,ambient,9,,y
plot 17,2017,5.338829687,ambient,9,,y
plot 17,2017,4.785400002,ambient,9,,y
plot 17,2017,4.881994143,ambient,9,,y
plot 17,2017,5.326428093,ambient,9,,y
plot 17,2017,4.745402421,ambient,9,,y
plot 17,2017,5.178164339,ambient,9,,y
plot 17,2017,4.682482746,ambient,9,,y
plot 17,2018,5.842521287,ambient,9,,y
plot 17,2018,5.117731572,ambient,9,,y
plot 17,2018,4.710170357,ambient,9,,y
plot 17,2018,5.180157751,ambient,9,,y
plot 17,2018,5.127154714,ambient,9,,y
plot 17,2018,4.775042146,ambient,9,,y
plot 17,2018,5.00411495,ambient,9,,y
plot 17,2018,4.905940087,ambient,9,,y
plot 17,2018,5.201617277,ambient,9,,y
plot 17,2018,5.268863586,ambient,9,,y
plot 17,2019,5.234121587,ambient,9,,y
plot 17,2019,5.087654988,ambient,9,,y
plot 17,2019,6.123293404,ambient,9,,y
plot 17,2019,4.847223445,ambient,9,,y
plot 17,2019,5.146389493,ambient,9,,y
plot 17,2019,4.872021681,ambient,9,,y
plot 17,2019,5.206377804,ambient,9,,y
plot 17,2019,4.880408688,ambient,9,,y
plot 17,2019,4.875305576,ambient,9,,y
plot 17,2019,4.930312041,ambient,9,,y
plot 17,2020,5.492106528,ambient,9,,y
plot 17,2020,5.322764529,ambient,9,,y
plot 17,2020,5.786292799,ambient,9,,y
plot 17,2020,5.618172523,ambient,9,,y
plot 17,2020,5.877992427,ambient,9,,y
plot 17,2020,5.821164181,ambient,9,,y
plot 17,2020,5.461128914,ambient,9,,y
plot 17,2020,5.39659334,ambient,9,,y
plot 17,2020,5.221906688,ambient,9,,y
plot 17,2020,5.438065338,ambient,9,,y
plot 17,2021,5.315213565,ambient,9,,y
plot 17,2021,6.005521226,ambient,9,,y
plot 17,2021,6.295291825,ambient,9,,y
plot 17,2021,6.341197811,ambient,9,,y
plot 17,2021,6.485628673,ambient,9,,y
plot 17,2021,5.765808861,ambient,9,,y
plot 17,2021,5.584734471,ambient,9,,y
plot 17,2021,6.124796692,ambient,9,,y
plot 17,2021,5.636437218,ambient,9,,y
plot 17,2021,6.574665774,ambient,9,,y
plot 17,2022,6.508852031,ambient,9,,y
plot 17,2022,5.67529803,ambient,9,,y
plot 17,2022,5.500041258,ambient,9,,y
plot 17,2022,5.588276825,ambient,9,,y
plot 17,2022,5.672961632,ambient,9,,y
plot 17,2022,5.392958907,ambient,9,,y
plot 17,2022,5.761361441,ambient,9,,y
plot 17,2022,6.393671778,ambient,9,,y
plot 17,2022,5.210369132,ambient,9,,y
plot 17,2022,5.756997083,ambient,9,,y
plot 19,2015,10.37138439,elevated,0,y,n
plot 19,2015,7.541667767,elevated,0,y,n
plot 19,2015,8.078298329,elevated,0,y,n
plot 19,2015,8.035171387,elevated,0,y,n
plot 19,2015,8.05730299,elevated,0,y,n
plot 19,2015,8.103475109,elevated,0,y,n
plot 19,2015,8.129545,elevated,0,y,n
plot 19,2015,7.922035352,elevated,0,y,n
plot 19,2015,8.977209626,elevated,0,y,n
plot 19,2015,7.796629322,elevated,0,y,n
plot 19,2016,6.285833022,elevated,0,y,n
plot 19,2016,6.14452812,elevated,0,y,n
plot 19,2016,6.201252096,elevated,0,y,n
plot 19,2016,6.857196626,elevated,0,y,n
plot 19,2016,7.026382466,elevated,0,y,n
plot 19,2016,6.624145616,elevated,0,y,n
plot 19,2016,6.939331124,elevated,0,y,n
plot 19,2016,6.352333548,elevated,0,y,n
plot 19,2016,6.439786256,elevated,0,y,n
plot 19,2016,5.909695738,elevated,0,y,n
plot 19,2017,6.358354694,elevated,0,y,n
plot 19,2017,6.426443862,elevated,0,y,n
plot 19,2017,6.430034502,elevated,0,y,n
plot 19,2017,6.370117897,elevated,0,y,n
plot 19,2017,6.712946271,elevated,0,y,n
plot 19,2017,6.460139216,elevated,0,y,n
plot 19,2017,6.501481294,elevated,0,y,n
plot 19,2017,6.430070294,elevated,0,y,n
plot 19,2017,6.335382168,elevated,0,y,n
plot 19,2017,6.269814399,elevated,0,y,n
plot 19,2018,6.272108219,elevated,0,y,n
plot 19,2018,6.52363982,elevated,0,y,n
plot 19,2018,6.545742887,elevated,0,y,n
plot 19,2018,6.303889011,elevated,0,y,n
plot 19,2018,6.983922186,elevated,0,y,n
plot 19,2018,6.566484743,elevated,0,y,n
plot 19,2018,7.233854264,elevated,0,y,n
plot 19,2018,6.180585341,elevated,0,y,n
plot 19,2018,6.945520655,elevated,0,y,n
plot 19,2018,6.301932729,elevated,0,y,n
plot 19,2019,6.898515845,elevated,0,y,n
plot 19,2019,6.807233215,elevated,0,y,n
plot 19,2019,6.879408407,elevated,0,y,n
plot 19,2019,7.23243502,elevated,0,y,n
plot 19,2019,6.605408933,elevated,0,y,n
plot 19,2019,6.276118763,elevated,0,y,n
plot 19,2019,7.057505253,elevated,0,y,n
plot 19,2019,6.731555115,elevated,0,y,n
plot 19,2019,6.977634257,elevated,0,y,n
plot 19,2019,6.810915738,elevated,0,y,n
plot 19,2020,7.045457701,elevated,0,y,n
plot 19,2020,6.921283764,elevated,0,y,n
plot 19,2020,6.555622716,elevated,0,y,n
plot 19,2020,7.263996972,elevated,0,y,n
plot 19,2020,7.242237733,elevated,0,y,n
plot 19,2020,7.255436289,elevated,0,y,n
plot 19,2020,6.846684941,elevated,0,y,n
plot 19,2020,7.142944241,elevated,0,y,n
plot 19,2020,6.60999187,elevated,0,y,n
plot 19,2020,7.476214881,elevated,0,y,n
plot 19,2021,7.394599282,elevated,0,y,n
plot 19,2021,6.564479602,elevated,0,y,n
plot 19,2021,7.004810514,elevated,0,y,n
plot 19,2021,6.801581056,elevated,0,y,n
plot 19,2021,7.188322097,elevated,0,y,n
plot 19,2021,7.115554182,elevated,0,y,n
plot 19,2021,9.722406717,elevated,0,y,n
plot 19,2021,7.409162878,elevated,0,y,n
plot 19,2021,7.131430791,elevated,0,y,n
plot 19,2021,6.726588625,elevated,0,y,n
plot 19,2022,5.787985015,elevated,0,y,n
plot 19,2022,6.009593919,elevated,0,y,n
plot 19,2022,5.843129632,elevated,0,y,n
plot 19,2022,5.619229003,elevated,0,y,n
plot 19,2022,5.379709422,elevated,0,y,n
plot 19,2022,5.969762465,elevated,0,y,n
plot 19,2022,5.936506657,elevated,0,y,n
plot 19,2022,5.65011183,elevated,0,y,n
plot 19,2022,6.089148708,elevated,0,y,n
plot 19,2022,5.481466026,elevated,0,y,n
plot 20,2015,5.440389095,ambient,2.25,,y
plot 20,2015,4.768932941,ambient,2.25,,y
plot 20,2015,5.183333401,ambient,2.25,,y
plot 20,2015,4.981117313,ambient,2.25,,y
plot 20,2015,5.364011213,ambient,2.25,,y
plot 20,2015,5.519508704,ambient,2.25,,y
plot 20,2015,5.075759141,ambient,2.25,,y
plot 20,2015,5.030361272,ambient,2.25,,y
plot 20,2015,5.312087037,ambient,2.25,,y
plot 20,2015,5.196491566,ambient,2.25,,y
plot 20,2016,5.142243699,ambient,2.25,,y
plot 20,2016,5.568893632,ambient,2.25,,y
plot 20,2016,5.201863069,ambient,2.25,,y
plot 20,2016,5.966622621,ambient,2.25,,y
plot 20,2016,5.723142556,ambient,2.25,,y
plot 20,2016,5.042730124,ambient,2.25,,y
plot 20,2016,5.539542055,ambient,2.25,,y
plot 20,2016,5.294810968,ambient,2.25,,y
plot 20,2016,5.515114348,ambient,2.25,,y
plot 20,2016,5.572989971,ambient,2.25,,y
plot 20,2017,5.960663016,ambient,2.25,,y
plot 20,2017,5.763268972,ambient,2.25,,y
plot 20,2017,5.504792929,ambient,2.25,,y
plot 20,2017,5.599773427,ambient,2.25,,y
plot 20,2017,5.404198061,ambient,2.25,,y
plot 20,2017,6.084606406,ambient,2.25,,y
plot 20,2017,5.775972611,ambient,2.25,,y
plot 20,2017,5.658420047,ambient,2.25,,y
plot 20,2017,6.971925477,ambient,2.25,,y
plot 20,2017,5.980635738,ambient,2.25,,y
plot 20,2018,6.016331649,ambient,2.25,,y
plot 20,2018,6.084884746,ambient,2.25,,y
plot 20,2018,6.512818893,ambient,2.25,,y
plot 20,2018,6.452885155,ambient,2.25,,y
plot 20,2018,6.198845626,ambient,2.25,,y
plot 20,2018,5.984772402,ambient,2.25,,y
plot 20,2018,6.076784126,ambient,2.25,,y
plot 20,2018,5.868260272,ambient,2.25,,y
plot 20,2018,6.801601179,ambient,2.25,,y
plot 20,2018,6.180670219,ambient,2.25,,y
plot 20,2019,6.467398785,ambient,2.25,,y
plot 20,2019,6.735855793,ambient,2.25,,y
plot 20,2019,6.388120587,ambient,2.25,,y
plot 20,2019,6.329098479,ambient,2.25,,y
plot 20,2019,6.364533801,ambient,2.25,,y
plot 20,2019,6.372167303,ambient,2.25,,y
plot 20,2019,6.0021977,ambient,2.25,,y
plot 20,2019,5.896909082,ambient,2.25,,y
plot 20,2019,6.096965523,ambient,2.25,,y
plot 20,2019,6.494255123,ambient,2.25,,y
plot 20,2020,6.859177985,ambient,2.25,,y
plot 20,2020,6.72217787,ambient,2.25,,y
plot 20,2020,6.747534232,ambient,2.25,,y
plot 20,2020,6.428029113,ambient,2.25,,y
plot 20,2020,6.956822791,ambient,2.25,,y
plot 20,2020,6.364083003,ambient,2.25,,y
plot 20,2020,6.481253024,ambient,2.25,,y
plot 20,2020,6.604893362,ambient,2.25,,y
plot 20,2020,6.285751461,ambient,2.25,,y
plot 20,2020,6.531351698,ambient,2.25,,y
plot 20,2021,7.725347252,ambient,2.25,,y
plot 20,2021,7.702234252,ambient,2.25,,y
plot 20,2021,7.163214385,ambient,2.25,,y
plot 20,2021,7.311064283,ambient,2.25,,y
plot 20,2021,7.921333011,ambient,2.25,,y
plot 20,2021,7.153675691,ambient,2.25,,y
plot 20,2021,7.107965587,ambient,2.25,,y
plot 20,2021,6.523940162,ambient,2.25,,y
plot 20,2021,7.763278224,ambient,2.25,,y
plot 20,2021,7.164129426,ambient,2.25,,y
plot 20,2022,5.211505173,ambient,2.25,,y
plot 20,2022,5.759042589,ambient,2.25,,y
plot 20,2022,5.080281223,ambient,2.25,,y
plot 20,2022,5.514278621,ambient,2.25,,y
plot 20,2022,5.56335723,ambient,2.25,,y
plot 20,2022,6.02883614,ambient,2.25,,y
plot 20,2022,5.687092512,ambient,2.25,,y
plot 20,2022,5.423404247,ambient,2.25,,y
plot 20,2022,5.815721835,ambient,2.25,,y
plot 20,2022,5.502226302,ambient,2.25,,y
plot 21,2015,6.643144483,control,0,n,n
plot 21,2015,6.410325099,control,0,n,n
plot 21,2015,6.130163948,control,0,n,n
plot 21,2015,6.327920703,control,0,n,n
plot 21,2015,6.480616402,control,0,n,n
plot 21,2015,6.353860579,control,0,n,n
plot 21,2015,6.125531859,control,0,n,n
plot 21,2015,5.997485022,control,0,n,n
plot 21,2015,6.593548021,control,0,n,n
plot 21,2015,6.380576458,control,0,n,n
plot 21,2016,6.198904753,control,0,n,n
plot 21,2016,5.922492508,control,0,n,n
plot 21,2016,7.998346367,control,0,n,n
plot 21,2016,6.329330773,control,0,n,n
plot 21,2016,6.05459195,control,0,n,n
plot 21,2016,6.568480809,control,0,n,n
plot 21,2016,6.752690903,control,0,n,n
plot 21,2016,5.916971492,control,0,n,n
plot 21,2016,5.932162807,control,0,n,n
plot 21,2016,6.869305713,control,0,n,n
plot 21,2017,6.575534529,control,0,n,n
plot 21,2017,7.56632356,control,0,n,n
plot 21,2017,6.516420597,control,0,n,n
plot 21,2017,6.745306076,control,0,n,n
plot 21,2017,6.182746286,control,0,n,n
plot 21,2017,6.879296449,control,0,n,n
plot 21,2017,6.660833983,control,0,n,n
plot 21,2017,6.498281805,control,0,n,n
plot 21,2017,6.956444597,control,0,n,n
plot 21,2017,6.298207308,control,0,n,n
plot 21,2018,6.721205533,control,0,n,n
plot 21,2018,6.40608857,control,0,n,n
plot 21,2018,6.508404166,control,0,n,n
plot 21,2018,6.43281452,control,0,n,n
plot 21,2018,6.982652654,control,0,n,n
plot 21,2018,6.685781806,control,0,n,n
plot 21,2018,6.545878984,control,0,n,n
plot 21,2018,6.669990699,control,0,n,n
plot 21,2018,6.798367079,control,0,n,n
plot 21,2018,6.755384995,control,0,n,n
plot 21,2019,8.165530213,control,0,n,n
plot 21,2019,7.020810009,control,0,n,n
plot 21,2019,6.777378087,control,0,n,n
plot 21,2019,6.594083636,control,0,n,n
plot 21,2019,6.566408208,control,0,n,n
plot 21,2019,7.06238703,control,0,n,n
plot 21,2019,6.915483376,control,0,n,n
plot 21,2019,6.680061417,control,0,n,n
plot 21,2019,6.451823419,control,0,n,n
plot 21,2019,6.913721914,control,0,n,n
plot 21,2020,7.165590807,control,0,n,n
plot 21,2020,7.312957724,control,0,n,n
plot 21,2020,8.071114138,control,0,n,n
plot 21,2020,6.510530298,control,0,n,n
plot 21,2020,7.106929546,control,0,n,n
plot 21,2020,7.844021006,control,0,n,n
plot 21,2020,6.976534288,control,0,n,n
plot 21,2020,6.495051819,control,0,n,n
plot 21,2020,8.275374881,control,0,n,n
plot 21,2020,7.277920368,control,0,n,n
plot 21,2021,7.34726244,control,0,n,n
plot 21,2021,6.957157073,control,0,n,n
plot 21,2021,7.463986497,control,0,n,n
plot 21,2021,7.063534282,control,0,n,n
plot 21,2021,7.691050974,control,0,n,n
plot 21,2021,7.593908243,control,0,n,n
plot 21,2021,6.830411334,control,0,n,n
plot 21,2021,6.786198397,control,0,n,n
plot 21,2021,7.62033935,control,0,n,n
plot 21,2021,7.557252553,control,0,n,n
plot 21,2022,5.843604454,control,0,n,n
plot 21,2022,5.818119295,control,0,n,n
plot 21,2022,5.758046093,control,0,n,n
plot 21,2022,5.260885947,control,0,n,n
plot 21,2022,5.710769783,control,0,n,n
plot 21,2022,5.739432667,control,0,n,n
plot 21,2022,5.826577115,control,0,n,n
plot 21,2022,5.699276755,control,0,n,n
plot 21,2022,6.026618236,control,0,n,n
plot 21,2022,5.442351908,control,0,n,n
plot 4,2015,4.989755208,elevated,4.5,,y
plot 4,2015,4.685305198,elevated,4.5,,y
plot 4,2015,4.787503049,elevated,4.5,,y
plot 4,2015,4.6282561,elevated,4.5,,y
plot 4,2015,4.642540224,elevated,4.5,,y
plot 4,2015,4.715538364,elevated,4.5,,y
plot 4,2015,4.877080992,elevated,4.5,,y
plot 4,2015,4.999174526,elevated,4.5,,y
plot 4,2015,4.650957706,elevated,4.5,,y
plot 4,2015,4.749780897,elevated,4.5,,y
plot 4,2016,4.963147956,elevated,4.5,,y
plot 4,2016,5.673388848,elevated,4.5,,y
plot 4,2016,5.149965336,elevated,4.5,,y
plot 4,2016,4.679480932,elevated,4.5,,y
plot 4,2016,5.091942152,elevated,4.5,,y
plot 4,2016,4.878615271,elevated,4.5,,y
plot 4,2016,4.681231921,elevated,4.5,,y
plot 4,2016,4.627199874,elevated,4.5,,y
plot 4,2016,5.181524716,elevated,4.5,,y
plot 4,2016,4.848759665,elevated,4.5,,y
plot 4,2017,4.355346372,elevated,4.5,,y
plot 4,2017,5.206120237,elevated,4.5,,y
plot 4,2017,4.484540466,elevated,4.5,,y
plot 4,2017,4.275934424,elevated,4.5,,y
plot 4,2017,4.652111516,elevated,4.5,,y
plot 4,2017,4.363655933,elevated,4.5,,y
plot 4,2017,4.983806418,elevated,4.5,,y
plot 4,2017,4.918495184,elevated,4.5,,y
plot 4,2017,4.547268671,elevated,4.5,,y
plot 4,2017,4.663860403,elevated,4.5,,y
plot 4,2018,4.614028937,elevated,4.5,,y
plot 4,2018,4.600282734,elevated,4.5,,y
plot 4,2018,4.598009351,elevated,4.5,,y
plot 4,2018,4.558239144,elevated,4.5,,y
plot 4,2018,4.855922091,elevated,4.5,,y
plot 4,2018,4.646057778,elevated,4.5,,y
plot 4,2018,4.643363055,elevated,4.5,,y
plot 4,2018,4.405279954,elevated,4.5,,y
plot 4,2018,4.82380504,elevated,4.5,,y
plot 4,2018,5.217064569,elevated,4.5,,y
plot 4,2019,4.996742613,elevated,4.5,,y
plot 4,2019,5.064271797,elevated,4.5,,y
plot 4,2019,4.975823524,elevated,4.5,,y
plot 4,2019,4.924295715,elevated,4.5,,y
plot 4,2019,5.449603159,elevated,4.5,,y
plot 4,2019,5.513130279,elevated,4.5,,y
plot 4,2019,4.820258085,elevated,4.5,,y
plot 4,2019,4.975281372,elevated,4.5,,y
plot 4,2019,5.082491417,elevated,4.5,,y
plot 4,2019,5.439965771,elevated,4.5,,y
plot 4,2020,5.090511923,elevated,4.5,,y
plot 4,2020,5.194120928,elevated,4.5,,y
plot 4,2020,5.546410617,elevated,4.5,,y
plot 4,2020,5.667104247,elevated,4.5,,y
plot 4,2020,5.138654374,elevated,4.5,,y
plot 4,2020,5.194074658,elevated,4.5,,y
plot 4,2020,5.070165114,elevated,4.5,,y
plot 4,2020,5.568143058,elevated,4.5,,y
plot 4,2020,5.385928097,elevated,4.5,,y
plot 4,2020,5.612347401,elevated,4.5,,y
plot 4,2021,5.034113145,elevated,4.5,,y
plot 4,2021,5.816882041,elevated,4.5,,y
plot 4,2021,5.721422883,elevated,4.5,,y
plot 4,2021,6.312276114,elevated,4.5,,y
plot 4,2021,5.826378248,elevated,4.5,,y
plot 4,2021,5.398669628,elevated,4.5,,y
plot 4,2021,5.506198342,elevated,4.5,,y
plot 4,2021,6.408175893,elevated,4.5,,y
plot 4,2021,5.979070889,elevated,4.5,,y
plot 4,2021,5.5425313,elevated,4.5,,y
plot 4,2022,5.343618917,elevated,4.5,,y
plot 4,2022,5.350123468,elevated,4.5,,y
plot 4,2022,6.255126187,elevated,4.5,,y
plot 4,2022,5.207802758,elevated,4.5,,y
plot 4,2022,5.265733438,elevated,4.5,,y
plot 4,2022,5.72249532,elevated,4.5,,y
plot 4,2022,5.681158133,elevated,4.5,,y
plot 4,2022,5.707312556,elevated,4.5,,y
plot 4,2022,5.857861385,elevated,4.5,,y
plot 4,2022,5.740682238,elevated,4.5,,y
plot 6,2015,4.870052698,ambient,0,y,n
plot 6,2015,4.446876514,ambient,0,y,n
plot 6,2015,4.386635257,ambient,0,y,n
plot 6,2015,4.824968189,ambient,0,y,n
plot 6,2015,4.546985597,ambient,0,y,n
plot 6,2015,4.618671887,ambient,0,y,n
plot 6,2015,4.919410793,ambient,0,y,n
plot 6,2015,4.419076077,ambient,0,y,n
plot 6,2015,4.687243788,ambient,0,y,n
plot 6,2015,4.611148052,ambient,0,y,n
plot 6,2016,4.756733029,ambient,0,y,n
plot 6,2016,4.580267445,ambient,0,y,n
plot 6,2016,5.143366589,ambient,0,y,n
plot 6,2016,4.599103046,ambient,0,y,n
plot 6,2016,4.843827327,ambient,0,y,n
plot 6,2016,4.778354323,ambient,0,y,n
plot 6,2016,4.769453503,ambient,0,y,n
plot 6,2016,4.526106765,ambient,0,y,n
plot 6,2016,4.97615283,ambient,0,y,n
plot 6,2016,4.528102382,ambient,0,y,n
plot 6,2017,4.055521886,ambient,0,y,n
plot 6,2017,4.12977876,ambient,0,y,n
plot 6,2017,4.203374557,ambient,0,y,n
plot 6,2017,3.925884759,ambient,0,y,n
plot 6,2017,4.504066475,ambient,0,y,n
plot 6,2017,4.269980097,ambient,0,y,n
plot 6,2017,4.245549153,ambient,0,y,n
plot 6,2017,4.184742607,ambient,0,y,n
plot 6,2017,4.052044312,ambient,0,y,n
plot 6,2017,4.042576516,ambient,0,y,n
plot 6,2018,4.363067497,ambient,0,y,n
plot 6,2018,4.228734762,ambient,0,y,n
plot 6,2018,4.002126466,ambient,0,y,n
plot 6,2018,4.463583598,ambient,0,y,n
plot 6,2018,4.2827686,ambient,0,y,n
plot 6,2018,4.615862476,ambient,0,y,n
plot 6,2018,4.17719249,ambient,0,y,n
plot 6,2018,4.134087212,ambient,0,y,n
plot 6,2018,3.994877385,ambient,0,y,n
plot 6,2018,4.378485487,ambient,0,y,n
plot 6,2019,4.660953136,ambient,0,y,n
plot 6,2019,4.230450619,ambient,0,y,n
plot 6,2019,4.708074787,ambient,0,y,n
plot 6,2019,4.153110475,ambient,0,y,n
plot 6,2019,4.367279012,ambient,0,y,n
plot 6,2019,5.185653192,ambient,0,y,n
plot 6,2019,4.746813727,ambient,0,y,n
plot 6,2019,5.390506813,ambient,0,y,n
plot 6,2019,4.343349233,ambient,0,y,n
plot 6,2019,5.09445376,ambient,0,y,n
plot 6,2020,4.9724886,ambient,0,y,n
plot 6,2020,4.902622051,ambient,0,y,n
plot 6,2020,4.823188251,ambient,0,y,n
plot 6,2020,4.698317101,ambient,0,y,n
plot 6,2020,5.871279032,ambient,0,y,n
plot 6,2020,5.079225713,ambient,0,y,n
plot 6,2020,5.35856092,ambient,0,y,n
plot 6,2020,4.989372938,ambient,0,y,n
plot 6,2020,4.765742651,ambient,0,y,n
plot 6,2020,4.65545586,ambient,0,y,n
plot 6,2021,5.28245977,ambient,0,y,n
plot 6,2021,5.1788709,ambient,0,y,n
plot 6,2021,5.684732569,ambient,0,y,n
plot 6,2021,6.020177111,ambient,0,y,n
plot 6,2021,5.120103838,ambient,0,y,n
plot 6,2021,5.023216698,ambient,0,y,n
plot 6,2021,5.051301892,ambient,0,y,n
plot 6,2021,5.567803679,ambient,0,y,n
plot 6,2021,4.872590335,ambient,0,y,n
plot 6,2021,4.989762263,ambient,0,y,n
plot 6,2022,5.190050514,ambient,0,y,n
plot 6,2022,6.036453592,ambient,0,y,n
plot 6,2022,6.760724159,ambient,0,y,n
plot 6,2022,5.368756921,ambient,0,y,n
plot 6,2022,5.182369379,ambient,0,y,n
plot 6,2022,5.925273863,ambient,0,y,n
plot 6,2022,5.171485617,ambient,0,y,n
plot 6,2022,5.550035797,ambient,0,y,n
plot 6,2022,5.336658102,ambient,0,y,n
plot 6,2022,5.242698438,ambient,0,y,n
plot 7,2015,4.277664019,control,0,n,n
plot 7,2015,4.370079938,control,0,n,n
plot 7,2015,4.389027835,control,0,n,n
plot 7,2015,4.434381991,control,0,n,n
plot 7,2015,4.47953002,control,0,n,n
plot 7,2015,4.422258243,control,0,n,n
plot 7,2015,4.453491849,control,0,n,n
plot 7,2015,4.385810409,control,0,n,n
plot 7,2015,4.562414883,control,0,n,n
plot 7,2015,4.309483197,control,0,n,n
plot 7,2016,4.476199367,control,0,n,n
plot 7,2016,4.614305241,control,0,n,n
plot 7,2016,4.503681545,control,0,n,n
plot 7,2016,4.392661921,control,0,n,n
plot 7,2016,4.261800571,control,0,n,n
plot 7,2016,4.835706159,control,0,n,n
plot 7,2016,4.517696097,control,0,n,n
plot 7,2016,4.677289667,control,0,n,n
plot 7,2016,4.863752506,control,0,n,n
plot 7,2016,4.610623134,control,0,n,n
plot 7,2017,5.026886011,control,0,n,n
plot 7,2017,4.620868458,control,0,n,n
plot 7,2017,5.133101702,control,0,n,n
plot 7,2017,4.673718663,control,0,n,n
plot 7,2017,4.82037092,control,0,n,n
plot 7,2017,4.720885271,control,0,n,n
plot 7,2017,4.935845231,control,0,n,n
plot 7,2017,4.992075908,control,0,n,n
plot 7,2017,4.530036897,control,0,n,n
plot 7,2017,4.992077632,control,0,n,n
plot 7,2018,5.304358639,control,0,n,n
plot 7,2018,5.123493842,control,0,n,n
plot 7,2018,4.923082741,control,0,n,n
plot 7,2018,5.137915903,control,0,n,n
plot 7,2018,4.596114124,control,0,n,n
plot 7,2018,5.164999825,control,0,n,n
plot 7,2018,4.931218797,control,0,n,n
plot 7,2018,5.01598183,control,0,n,n
plot 7,2018,4.700434474,control,0,n,n
plot 7,2018,4.865522978,control,0,n,n
plot 7,2019,4.75321292,control,0,n,n
plot 7,2019,4.842653138,control,0,n,n
plot 7,2019,4.924952122,control,0,n,n
plot 7,2019,5.83087452,control,0,n,n
plot 7,2019,5.078502783,control,0,n,n
plot 7,2019,4.986997716,control,0,n,n
plot 7,2019,5.041579957,control,0,n,n
plot 7,2019,4.976903026,control,0,n,n
plot 7,2019,5.286580699,control,0,n,n
plot 7,2019,4.842489576,control,0,n,n
plot 7,2020,5.071593516,control,0,n,n
plot 7,2020,4.778897375,control,0,n,n
plot 7,2020,5.017319865,control,0,n,n
plot 7,2020,5.061894938,control,0,n,n
plot 7,2020,5.001023584,control,0,n,n
plot 7,2020,5.469739822,control,0,n,n
plot 7,2020,4.906556827,control,0,n,n
plot 7,2020,5.211036306,control,0,n,n
plot 7,2020,4.686171806,control,0,n,n
plot 7,2020,4.658441385,control,0,n,n
plot 7,2021,5.411637527,control,0,n,n
plot 7,2021,5.497061086,control,0,n,n
plot 7,2021,6.065463753,control,0,n,n
plot 7,2021,5.141477607,control,0,n,n
plot 7,2021,5.648900846,control,0,n,n
plot 7,2021,5.100624319,control,0,n,n
plot 7,2021,5.456433333,control,0,n,n
plot 7,2021,5.688115095,control,0,n,n
plot 7,2021,5.508128934,control,0,n,n
plot 7,2021,5.487000785,control,0,n,n
plot 7,2022,4.787731911,control,0,n,n
plot 7,2022,4.867979,control,0,n,n
plot 7,2022,5.307693212,control,0,n,n
plot 7,2022,5.019651797,control,0,n,n
plot 7,2022,5.043617872,control,0,n,n
plot 7,2022,4.860961182,control,0,n,n
plot 7,2022,4.869701232,control,0,n,n
plot 7,2022,5.059722177,control,0,n,n
plot 7,2022,4.851808614,control,0,n,n
plot 7,2022,5.222567335,control,0,n,n
plot 8,2015,6.082150393,ambient,6.75,,y
plot 8,2015,5.913255418,ambient,6.75,,y
plot 8,2015,6.699468458,ambient,6.75,,y
plot 8,2015,5.871636001,ambient,6.75,,y
plot 8,2015,6.08144837,ambient,6.75,,y
plot 8,2015,5.791137364,ambient,6.75,,y
plot 8,2015,5.82489461,ambient,6.75,,y
plot 8,2015,5.836211463,ambient,6.75,,y
plot 8,2015,5.636176545,ambient,6.75,,y
plot 8,2015,5.367979806,ambient,6.75,,y
plot 8,2016,5.854202746,ambient,6.75,,y
plot 8,2016,6.371814814,ambient,6.75,,y
plot 8,2016,5.791010838,ambient,6.75,,y
plot 8,2016,6.260253638,ambient,6.75,,y
plot 8,2016,5.857327124,ambient,6.75,,y
plot 8,2016,5.704011259,ambient,6.75,,y
plot 8,2016,6.031554065,ambient,6.75,,y
plot 8,2016,5.561418919,ambient,6.75,,y
plot 8,2016,5.656887008,ambient,6.75,,y
plot 8,2016,5.931070929,ambient,6.75,,y
plot 8,2017,5.667761818,ambient,6.75,,y
plot 8,2017,5.792811769,ambient,6.75,,y
plot 8,2017,5.759257648,ambient,6.75,,y
plot 8,2017,6.009048648,ambient,6.75,,y
plot 8,2017,5.989143021,ambient,6.75,,y
plot 8,2017,5.77356362,ambient,6.75,,y
plot 8,2017,5.786853041,ambient,6.75,,y
plot 8,2017,5.648450436,ambient,6.75,,y
plot 8,2017,6.034825447,ambient,6.75,,y
plot 8,2017,5.731464864,ambient,6.75,,y
plot 8,2018,6.933243183,ambient,6.75,,y
plot 8,2018,5.865768122,ambient,6.75,,y
plot 8,2018,6.211745806,ambient,6.75,,y
plot 8,2018,6.030348409,ambient,6.75,,y
plot 8,2018,5.879361503,ambient,6.75,,y
plot 8,2018,5.876520831,ambient,6.75,,y
plot 8,2018,6.312033544,ambient,6.75,,y
plot 8,2018,5.682207896,ambient,6.75,,y
plot 8,2018,5.926657223,ambient,6.75,,y
plot 8,2018,5.736299754,ambient,6.75,,y
plot 8,2019,6.366929844,ambient,6.75,,y
plot 8,2019,5.566109676,ambient,6.75,,y
plot 8,2019,5.672384429,ambient,6.75,,y
plot 8,2019,6.09587374,ambient,6.75,,y
plot 8,2019,6.096001326,ambient,6.75,,y
plot 8,2019,6.00042353,ambient,6.75,,y
plot 8,2019,5.889741526,ambient,6.75,,y
plot 8,2019,5.612328036,ambient,6.75,,y
plot 8,2019,5.777833579,ambient,6.75,,y
plot 8,2019,5.994044927,ambient,6.75,,y
plot 8,2020,6.525419385,ambient,6.75,,y
plot 8,2020,6.194616469,ambient,6.75,,y
plot 8,2020,6.327396555,ambient,6.75,,y
plot 8,2020,6.351468202,ambient,6.75,,y
plot 8,2020,6.879186661,ambient,6.75,,y
plot 8,2020,7.026339186,ambient,6.75,,y
plot 8,2020,6.97770492,ambient,6.75,,y
plot 8,2020,6.86407055,ambient,6.75,,y
plot 8,2020,6.076920773,ambient,6.75,,y
plot 8,2020,6.145411913,ambient,6.75,,y
plot 8,2021,7.462834115,ambient,6.75,,y
plot 8,2021,7.439113299,ambient,6.75,,y
plot 8,2021,6.87938302,ambient,6.75,,y
plot 8,2021,7.167694108,ambient,6.75,,y
plot 8,2021,7.234531153,ambient,6.75,,y
plot 8,2021,6.95416722,ambient,6.75,,y
plot 8,2021,8.228158476,ambient,6.75,,y
plot 8,2021,7.346374862,ambient,6.75,,y
plot 8,2021,7.202245682,ambient,6.75,,y
plot 8,2021,7.553327274,ambient,6.75,,y
plot 8,2022,6.067812508,ambient,6.75,,y
plot 8,2022,6.455445828,ambient,6.75,,y
plot 8,2022,6.205365479,ambient,6.75,,y
plot 8,2022,6.998995307,ambient,6.75,,y
plot 8,2022,6.063047843,ambient,6.75,,y
plot 8,2022,6.4335763,ambient,6.75,,y
plot 8,2022,6.689957064,ambient,6.75,,y
plot 8,2022,6.411455575,ambient,6.75,,y
plot 8,2022,5.624167751,ambient,6.75,,y
plot 8,2022,6.245878979,ambient,6.75,,y
